"Iteration","Method","TPR","FPR","MSE","Random_TPR","Random_FPR","gamma_mspe","opt_lambda_fixed","opt_lambda_random","re_var_x2","re_var_x3","glmmTMB_signal_collapse","Seed","glmmTMB_collapsed_vars"
1,"glmmTMB",1,1,0.010899502704364,NA,NA,0.0403639642457134,1.22508372483069,NA,NA,NA,FALSE,12345,NA
1,"Lin",1,0,0.00589883750374015,1,0.5,0.0329512758730912,2.5,0.5,-0.000918188653538207,0.00663156278621448,NA,12345,NA
1,"Bondell",1,0.4,0.00762738465111111,1,0.5,0.035420749131569,0.4,0.4,0.00650063671407484,0,NA,12345,NA
2,"glmmTMB",1,1,0.00680990822811752,NA,NA,0.0389369798852498,0.001,NA,NA,NA,FALSE,12345,NA
2,"Lin",1,0,0.000227073723762131,1,0.5,0.0292944306316816,2.5,1,0,0.000555037342934952,NA,12345,NA
2,"Bondell",1,0.2,0.00495323731633333,1,0,0.0347203812067069,0.4,0.4,0,0,NA,12345,NA
3,"glmmTMB",1,1,0.0100030168585387,NA,NA,0.0321906220293291,1.22508372483069,NA,NA,NA,FALSE,12345,NA
3,"Lin",1,0,0.00174079133651582,1,0.5,0.036040091198471,2.5,0.1,-0.000292936528550195,0.00597467648600894,NA,12345,NA
3,"Bondell",1,0.2,0.000949457248666667,1,0.5,0.0238304253009756,0.4,0.4,0.00256145994776028,0,NA,12345,NA
4,"glmmTMB",1,1,0.00522739203153103,NA,NA,0.0252138399518414,0.001,NA,NA,NA,FALSE,12345,NA
4,"Lin",0.666666666666667,0,0.0297635751296891,1,0,0.101181449282155,10,1,-1.86344948607426e-05,-0.00207971911623436,NA,12345,NA
4,"Bondell",1,0.2,0.008209197855,1,0,0.0369873326651918,0.4,0.4,0,0,NA,12345,NA
5,"glmmTMB",1,1,0.00569141636732398,NA,NA,0.0255824065776686,0.0935955520254055,NA,NA,NA,FALSE,12345,NA
5,"Lin",0.666666666666667,0,0.0306994320506606,1,1,0.0840218590954744,10,0.1,0.0141943062767339,0.0276317397487175,NA,12345,NA
5,"Bondell",1,0.2,0.0125964411565556,1,1,0.047067445558374,0.4,0.4,0.0124687166128136,0.0147027069151378,NA,12345,NA
6,"glmmTMB",1,1,0.00279470708200077,NA,NA,0.021851935763029,0.001,NA,NA,NA,FALSE,12345,NA
6,"Lin",1,0,0.000175923303401007,1,1,0.0297114114835279,2.5,0.1,0.0121213186371657,0.00259670936613775,NA,12345,NA
6,"Bondell",1,0.4,0.00051859378011111,1,0.5,0.0216213584053715,0.4,0.4,0.00820600708924927,0,NA,12345,NA
7,"glmmTMB",1,1,0.0221879207338127,NA,NA,0.0565639627891969,1.22508372483069,NA,NA,NA,FALSE,12345,NA
7,"Lin",1,0.2,0.018634629083846,1,0,0.0539131105664215,1,2.5,0,-1.07442157242828e-05,NA,12345,NA
7,"Bondell",1,0.2,0.0134416131397778,1,0.5,0.0441036954968022,0.4,0.4,0.000533806789812951,0,NA,12345,NA
8,"glmmTMB",1,1,0.0102844899728109,NA,NA,0.0420726889464197,0.001,NA,NA,NA,FALSE,12345,NA
8,"Lin",1,0.4,0.0047261178531206,1,0,0.0289729750047326,1,5,0,0,NA,12345,NA
8,"Bondell",1,0.4,0.000795440034888889,1,0.5,0.0183822004267677,0.4,0.4,0.000925240264314753,0,NA,12345,NA
9,"glmmTMB",1,1,0.00988060330020463,NA,NA,0.0368257683736416,0.001,NA,NA,NA,FALSE,12345,NA
9,"Lin",0.666666666666667,0.2,0.0291126618255015,1,0.5,0.0837167010887776,2.5,2.5,0.000549395682876561,0,NA,12345,NA
9,"Bondell",1,0.4,0.0228176959483333,1,0,0.0691980219275943,0.4,0.4,0,0,NA,12345,NA
10,"glmmTMB",1,1,0.00787072768443271,NA,NA,0.0316914238256131,0.001,NA,NA,NA,FALSE,12345,NA
10,"Lin",0.666666666666667,0,0.0278852342132833,1,1,0.0800399956961091,2.5,0.1,0.00434520148837878,0.00784659068476768,NA,12345,NA
10,"Bondell",1,0.2,0.013397655963,1,0,0.0429120340386754,0.4,0.4,0,0,NA,12345,NA
11,"glmmTMB",0.666666666666667,0.8,0.0396966091008608,NA,NA,0.114178777569399,20.6184125759897,NA,NA,NA,TRUE,12345,NA
11,"Lin",0.666666666666667,0,0.0285809107462126,1,0,0.0827173333464152,5,2.5,0,0,NA,12345,NA
11,"Bondell",1,0.2,0.00374528305588889,1,0.5,0.0285890640265146,0.4,0.4,0.00158187877609512,0,NA,12345,NA
12,"glmmTMB",1,1,0.00795713800383496,NA,NA,0.0383753274183333,0.971000224804935,NA,NA,NA,FALSE,12345,NA
12,"Lin",1,0,0.00128919142891938,1,0,0.0271626531291487,2.5,2.5,0,0,NA,12345,NA
12,"Bondell",1,0.4,0.00328152389688889,1,0.5,0.0317092642551111,0.4,0.4,0.0019246265253939,0,NA,12345,NA
13,"glmmTMB",1,1,0.00615813617820133,NA,NA,0.0197080661816682,0.001,NA,NA,NA,FALSE,12345,NA
13,"Lin",1,0,0.00157803373311662,1,1,0.0240599911685757,2.5,0.1,0.00205850329718694,0.00913708373751815,NA,12345,NA
13,"Bondell",1,0.2,0.000340709488333333,1,1,0.0183498464058433,0.4,0.4,0.00257457957529666,0.00300492102005023,NA,12345,NA
14,"glmmTMB",1,1,0.0115151590587521,NA,NA,0.0415265645780127,0.001,NA,NA,NA,FALSE,12345,NA
14,"Lin",0.666666666666667,0,0.0288313604782878,1,1,0.0917598511751985,5,1,0.0349525408712249,0.0192150084466311,NA,12345,NA
14,"Bondell",0.666666666666667,0,0.03603330737,1,0,0.0768690376292868,0.2,0.2,0,0,NA,12345,NA
15,"glmmTMB",1,1,0.00625710916370728,NA,NA,0.0360853022351235,0.001,NA,NA,NA,FALSE,12345,NA
15,"Lin",0.666666666666667,0,0.028729309148111,1,0.5,0.0783860011046937,10,0.5,0.00705119221398335,-0.000397613958964478,NA,12345,NA
15,"Bondell",1,0.2,0.008434654353,1,0.5,0.034978499796093,0.4,0.4,0.0173316314325196,0,NA,12345,NA
16,"glmmTMB",0.666666666666667,0.8,0.0287952631271263,NA,NA,0.0758973254099607,20.6184125759897,NA,NA,NA,TRUE,12345,NA
16,"Lin",0.666666666666667,0,0.0280309235208751,1,1,0.0864954891193671,2.5,1,0.00677646729854878,0.0154768619738175,NA,12345,NA
16,"Bondell",1,0.4,0.021652871427,1,1,0.0685551642833273,0.4,0.4,0.00627455715117774,0.00406382373198492,NA,12345,NA
17,"glmmTMB",1,1,0.00610964771872153,NA,NA,0.030360893361872,0.001,NA,NA,NA,FALSE,12345,NA
17,"Lin",1,0,0.000787116899885138,1,0.5,0.0239353336185937,2.5,0.1,-0.00361175796097295,0.00777024388945503,NA,12345,NA
17,"Bondell",1,0.2,0.00157223109022222,1,1,0.0230182498509437,0.4,0.4,0.00203431260791064,0.00165182629244068,NA,12345,NA
18,"glmmTMB",0.666666666666667,0.6,0.0486838620871359,NA,NA,0.12555487900632,20.6184125759897,NA,NA,NA,TRUE,12345,NA
18,"Lin",0.666666666666667,0,0.0282036189801973,1,0.5,0.0820180757060359,10,2.5,0.00416367708451453,0,NA,12345,NA
18,"Bondell",0.666666666666667,0.2,0.0340224325503333,1,0.5,0.0975502961012915,0.4,0.4,0.00593789007266698,0,NA,12345,NA
19,"glmmTMB",1,0.8,0.0223635059844613,NA,NA,0.0639438610143806,0.001,NA,NA,NA,FALSE,12345,NA
19,"Lin",0.666666666666667,0,0.0285069374801019,1,0.5,0.0739969298190233,10,2.5,0.00531918580241721,0,NA,12345,NA
19,"Bondell",1,0.2,0.00678924677355555,1,0.5,0.0316830371475862,0.4,0.4,0.005329577308321,0,NA,12345,NA
20,"glmmTMB",1,1,0.0026472819790893,NA,NA,0.0291673638195632,1.22508372483069,NA,NA,NA,FALSE,12345,NA
20,"Lin",1,0,0.00466476833998684,1,0.5,0.0403541734965357,2.5,1,0,0.00224447479858513,NA,12345,NA
20,"Bondell",1,0.2,0.00190278645355555,1,0.5,0.0296078807581845,0.4,0.4,0.00186502038185553,0,NA,12345,NA
21,"glmmTMB",1,1,0.0075494858697635,NA,NA,0.0398272550133879,0.001,NA,NA,NA,FALSE,12345,NA
21,"Lin",1,0,0.00319543476198449,1,0.5,0.0341590946666029,1,0.1,0.00650516216778577,-0.00134258340166537,NA,12345,NA
21,"Bondell",1,0,0.00285792887477778,1,0.5,0.030563505040459,0.4,0.4,0.00684243553316351,0,NA,12345,NA
22,"glmmTMB",1,1,0.0104553420256992,NA,NA,0.0412457392380953,1.22508372483069,NA,NA,NA,FALSE,12345,NA
22,"Lin",0.666666666666667,0,0.0281700009155174,1,0,0.0574174844812001,10,0.5,0,-0.00515045350641636,NA,12345,NA
22,"Bondell",1,0.2,0.00568994477966666,1,0,0.0231563686725269,0.4,0.4,0,0,NA,12345,NA
23,"glmmTMB",1,1,0.0288755289425167,NA,NA,0.0817283963850485,0.001,NA,NA,NA,FALSE,12345,NA
23,"Lin",1,0,0.00669970846382228,1,0,0.0456578367706944,5,0.5,0,-0.000242214676916126,NA,12345,NA
23,"Bondell",1,0,0.00949142506655556,1,0,0.0461444664471216,0.4,0.4,0,0,NA,12345,NA
24,"glmmTMB",1,1,0.00701379655813105,NA,NA,0.0246821055125204,0.112775423252096,NA,NA,NA,FALSE,12345,NA
24,"Lin",1,0,0.000292692373313695,1,1,0.0273850857959853,5,0.5,0.00521162627366614,0.0277300313423112,NA,12345,NA
24,"Bondell",1,0.2,0.00270915309488889,1,0,0.0199668801365442,0.4,0.4,0,0,NA,12345,NA
25,"glmmTMB",1,1,0.00453721731157726,NA,NA,0.0192206769415726,0.001,NA,NA,NA,FALSE,12345,NA
25,"Lin",0.666666666666667,0,0.0293405536086784,1,0,0.10608452760008,5,1,-1.99696698568747e-05,-0.000187124785117786,NA,12345,NA
25,"Bondell",1,0.2,0.00320267547388889,1,0,0.0267147523452565,0.4,0.4,0,0,NA,12345,NA
26,"glmmTMB",1,1,0.0296822070753833,NA,NA,0.0728848986398975,1.22508372483069,NA,NA,NA,FALSE,12345,NA
26,"Lin",1,0,0.0150675078906828,1,0,0.0407900444576396,2.5,5,0,0,NA,12345,NA
26,"Bondell",1,0,0.0217777889225556,1,1,0.0566093164860794,0.4,0.4,0.000920845534827896,0.00523309847259071,NA,12345,NA
27,"glmmTMB",1,1,0.0114713880661556,NA,NA,0.0415788373707172,0.001,NA,NA,NA,FALSE,12345,NA
27,"Lin",1,0,0.00247133034041045,1,0,0.0269994132469781,2.5,1,0,-4.89198567254318e-05,NA,12345,NA
27,"Bondell",1,0.2,0.00746184095255556,1,0.5,0.0339464915784926,0.4,0.4,0.00132963398149154,0,NA,12345,NA
28,"glmmTMB",1,1,0.0709495896665651,NA,NA,0.162223728823021,1.22508372483069,NA,NA,NA,FALSE,12345,NA
28,"Lin",1,0,0.0121705466160888,1,0.5,0.0450630647830847,5,0.1,0.0231154469335142,-0.00305661325972337,NA,12345,NA
28,"Bondell",1,0,0.0320995409275556,1,0,0.0835404896266303,0.4,0.4,0,0,NA,12345,NA
29,"glmmTMB",1,1,0.012123288341436,NA,NA,0.0574456087385668,1.22508372483069,NA,NA,NA,FALSE,12345,NA
29,"Lin",1,0,0.00843316521856073,1,0,0.0531085105751402,1,2.5,0,0,NA,12345,NA
29,"Bondell",1,0,0.008155472902,1,0.5,0.0559943971534987,0.4,0.4,0.000747063478784071,0,NA,12345,NA
30,"glmmTMB",1,1,0.00325578729925197,NA,NA,0.031785415515974,0.112775423252096,NA,NA,NA,FALSE,12345,NA
30,"Lin",0.666666666666667,0,0.0279349769395245,1,0,0.0694903898619328,5,2.5,0,0,NA,12345,NA
30,"Bondell",1,0.4,0.00294008982833333,1,0,0.022678269814272,0.4,0.4,0,0,NA,12345,NA
31,"glmmTMB",1,1,0.0109228123428713,NA,NA,0.0479317011508316,1.22508372483069,NA,NA,NA,FALSE,12345,NA
31,"Lin",1,0,0.00760901032640459,1,0.5,0.0426967929745014,2.5,2.5,0,0.000601354345397337,NA,12345,NA
31,"Bondell",1,0.2,0.0100547127221111,1,1,0.0477151070584061,0.4,0.4,0.000943838239286823,0.00470910848105954,NA,12345,NA
32,"glmmTMB",0.666666666666667,1,0.0396017986956452,NA,NA,0.10212990292853,20.6184125759897,NA,NA,NA,TRUE,12345,NA
32,"Lin",0.666666666666667,0,0.0283868118232822,1,0,0.0712941637310892,5,0.5,-1.49463851223813e-05,-0.0016011349117878,NA,12345,NA
32,"Bondell",0.666666666666667,0.4,0.0321571764087778,1,0.5,0.0786642313579373,0.4,0.4,0.00684610887141608,0,NA,12345,NA
33,"glmmTMB",1,1,0.00230663366485655,NA,NA,0.0234680498454388,0.001,NA,NA,NA,FALSE,12345,NA
33,"Lin",1,0,0.000671626841499865,1,0,0.0242294282784464,5,2.5,-2.2054782842264e-05,0,NA,12345,NA
33,"Bondell",1,0.2,0.000757847167777778,1,0.5,0.0244750569920096,0.4,0.4,0.0153355620575374,0,NA,12345,NA
34,"glmmTMB",1,1,0.0100545889588043,NA,NA,0.0302347480012135,0.0935955520254055,NA,NA,NA,FALSE,12345,NA
34,"Lin",0.666666666666667,0,0.0283011006275067,1,0.5,0.0697927958405641,10,2.5,0,0.00177266545072719,NA,12345,NA
34,"Bondell",1,0.2,0.00201402283266667,1,1,0.0194620527557603,0.4,0.4,0.00145324078100903,0.00624386707564204,NA,12345,NA
35,"glmmTMB",1,0.8,0.0160764728047499,NA,NA,0.0499861614187544,1.22508372483069,NA,NA,NA,FALSE,12345,NA
35,"Lin",1,0,0.00114556079760139,1,1,0.0229879759571014,5,1,0.0447979696865112,0.0117539874292244,NA,12345,NA
35,"Bondell",1,0,0.00456346300777778,1,0.5,0.0307980274673075,0.4,0.4,0.0197334647039795,0,NA,12345,NA
36,"glmmTMB",1,0.8,0.00995278574602197,NA,NA,0.0380811939480435,0.971000224804935,NA,NA,NA,FALSE,12345,NA
36,"Lin",0.666666666666667,0,0.0282874306280194,1,0,0.0822029996147881,5,2.5,0,0,NA,12345,NA
36,"Bondell",1,0.4,0.00949679425655556,1,0.5,0.0427187144512342,0.4,0.4,0.00388191118224209,0,NA,12345,NA
37,"glmmTMB",1,1,0.0100950790511168,NA,NA,0.0408829146298222,1.22508372483069,NA,NA,NA,FALSE,12345,NA
37,"Lin",1,0,0.00142844947641533,1,0,0.0261533110185989,2.5,2.5,0,-7.02583148508918e-05,NA,12345,NA
37,"Bondell",1,0,0.00408079826066667,1,0,0.0283888717417897,0.4,0.4,0,0,NA,12345,NA
38,"glmmTMB",1,1,0.00161331307079398,NA,NA,0.023639183094477,1.22508372483069,NA,NA,NA,FALSE,12345,NA
38,"Lin",1,0,0.0101764759621028,1,0,0.0518873062395929,5,1,-0.000127046146348391,-2.74912706986644e-05,NA,12345,NA
38,"Bondell",1,0.4,0.000578609934888889,1,0,0.0236207801360298,0.4,0.4,0,0,NA,12345,NA
39,"glmmTMB",1,1,0.00642904899634799,NA,NA,0.0293437776851367,0.112775423252096,NA,NA,NA,FALSE,12345,NA
39,"Lin",1,0,0.00285557722895312,1,1,0.030617185483505,2.5,1,0.0115046951594425,0.00600686313561664,NA,12345,NA
39,"Bondell",1,0.2,0.000464422379888889,1,0.5,0.0230451704772054,0.4,0.4,0.00440915713199715,0,NA,12345,NA
40,"glmmTMB",1,1,0.00249602083684028,NA,NA,0.030144634491545,0.001,NA,NA,NA,FALSE,12345,NA
40,"Lin",0.666666666666667,0,0.0281306393399205,1,0,0.0906363705506822,5,2.5,1.352530532236e-05,0,NA,12345,NA
40,"Bondell",1,0.2,0.00515052917933333,1,0.5,0.0406623261106616,0.4,0.4,0.00853776580492227,0,NA,12345,NA
41,"glmmTMB",1,1,0.0272582951044117,NA,NA,0.0659010287396654,0.001,NA,NA,NA,FALSE,12345,NA
41,"Lin",1,0,0.0149521890634229,1,0.5,0.0464029762576372,2.5,2.5,0.00286859485819503,0,NA,12345,NA
41,"Bondell",1,0.2,0.0195870774938889,1,0.5,0.0547274466828356,0.4,0.4,0.00359757204145243,0,NA,12345,NA
42,"glmmTMB",1,1,0.0673454514993668,NA,NA,0.16720735000835,6.11816872991646,NA,NA,NA,FALSE,12345,NA
42,"Lin",0.666666666666667,0,0.028369670435571,1,0.5,0.0891990705787967,10,0.1,0.0025188784309533,-0.00661026933156447,NA,12345,NA
42,"Bondell",0.666666666666667,0.4,0.0474532566358889,1,0.5,0.127304167050622,0.4,0.4,0.000874886380053509,0,NA,12345,NA
43,"glmmTMB",1,1,0.0330080340822244,NA,NA,0.0983030212633806,0.001,NA,NA,NA,FALSE,12345,NA
43,"Lin",1,0,0.00966705270756628,1,0.5,0.0520635554792877,2.5,0.1,0.00876323067423641,-0.000505897884051024,NA,12345,NA
43,"Bondell",1,0.2,0.0147274488597778,1,0.5,0.0612010634911133,0.4,0.4,0.00772550769823737,0,NA,12345,NA
44,"glmmTMB",1,1,0.00384556691518632,NA,NA,0.0208558707331408,0.001,NA,NA,NA,FALSE,12345,NA
44,"Lin",0.666666666666667,0,0.0303050668236273,1,0,0.0791285083673679,5,0.1,0,-0.00122507281522577,NA,12345,NA
44,"Bondell",1,0.4,0.00559921811433333,1,0.5,0.0269224139494887,0.4,0.4,0.00111844207340474,0,NA,12345,NA
45,"glmmTMB",1,1,0.00162391800615489,NA,NA,0.0184330654591754,0.001,NA,NA,NA,FALSE,12345,NA
45,"Lin",0.666666666666667,0,0.0282418564161958,1,0,0.0738100706175626,10,0.5,-0.00096302715168246,-0.000838616789180134,NA,12345,NA
45,"Bondell",1,0.4,0.00290676035088889,1,0,0.0196961293652708,0.4,0.4,0,0,NA,12345,NA
46,"glmmTMB",1,1,0.00225192903525427,NA,NA,0.0248616214893092,0.001,NA,NA,NA,FALSE,12345,NA
46,"Lin",1,0,0.00227816895209366,1,0,0.0420840368420737,2.5,1,0,-0.000223947483012885,NA,12345,NA
46,"Bondell",1,0.4,0.000252882648333333,1,0,0.0252038588774992,0.4,0.4,0,0,NA,12345,NA
47,"glmmTMB",1,1,0.00660331358312784,NA,NA,0.038608206694675,0.001,NA,NA,NA,FALSE,12345,NA
47,"Lin",0.666666666666667,0,0.0279419010318644,1,0.5,0.0940131667783955,5,0.5,0,0.000894518787390952,NA,12345,NA
47,"Bondell",1,0.2,0.00562933262277778,1,0.5,0.0396673422172828,0.4,0.4,0,0.00885808225396068,NA,12345,NA
48,"glmmTMB",1,1,0.00381108741866584,NA,NA,0.0351801631904034,1.22508372483069,NA,NA,NA,FALSE,12345,NA
48,"Lin",1,0,0.00104702197983415,1,0,0.0234519820169826,2.5,2.5,0,0,NA,12345,NA
48,"Bondell",1,0.2,0.001800314884,1,0,0.0252672822663673,0.4,0.4,0,0,NA,12345,NA
49,"glmmTMB",1,1,0.00984092038014849,NA,NA,0.0299026353800591,0.001,NA,NA,NA,FALSE,12345,NA
49,"Lin",1,0,0.00500386075853498,1,0.5,0.0332531580074353,5,2.5,0,0.00196959333559839,NA,12345,NA
49,"Bondell",1,0.4,0.00114137175555556,1,0.5,0.0190809950153338,0.4,0.4,0,0.00546099120291269,NA,12345,NA
50,"glmmTMB",1,1,0.00184777362195473,NA,NA,0.0191787611187381,1.22508372483069,NA,NA,NA,FALSE,12345,NA
50,"Lin",1,0.2,0.000859354041024707,1,1,0.0484721175523718,2.5,0.1,0.00810505998641015,0.0198242061079785,NA,12345,NA
50,"Bondell",1,0.4,0.000265862230777778,1,0.5,0.0210733975867749,0.4,0.4,0.0146830481500977,0,NA,12345,NA
1,"glmmTMB",1,1,0.00162337207600013,NA,NA,0.0218155170938583,0.001,NA,NA,NA,FALSE,67890,""
1,"Lin",0.666666666666667,0,0.0286319007029207,1,0.5,0.0993053789287624,5,0.5,-5.6096562859119e-05,0.0372399899054542,NA,67890,NA
1,"Bondell",1,0.2,0.00474759634822222,1,0.5,0.0346298616660873,0.4,0.4,0,0.0114988256244792,NA,67890,NA
2,"glmmTMB",0.666666666666667,0.8,0.0488008939233267,NA,NA,0.103988137007286,20.6184125759897,NA,NA,NA,TRUE,67890,"x1"
2,"Lin",0.666666666666667,0,0.0288055624557602,1,0.5,0.0641124046945592,10,0.1,-0.0029024746263801,0.0276216104968616,NA,67890,NA
2,"Bondell",0.666666666666667,0.2,0.0380852245255556,1,0,0.0798268751985483,0.4,0.4,0,0,NA,67890,NA
3,"glmmTMB",1,1,0.00807627726952504,NA,NA,0.0297303213147149,0.001,NA,NA,NA,FALSE,67890,""
3,"Lin",0.666666666666667,0,0.0289218866509399,1,0,0.0788790715091953,2.5,2.5,0,0,NA,67890,NA
3,"Bondell",1,0.2,0.0113599273691111,1,0,0.0404895855738775,0.4,0.4,0,0,NA,67890,NA
4,"glmmTMB",0.666666666666667,0.4,0.0317543299270314,NA,NA,0.0814959483057155,15.8158385678152,NA,NA,NA,TRUE,67890,"x1"
4,"Lin",0.666666666666667,0,0.027822986756334,1,0.5,0.0730135727198377,0.5,1,0,0.00770570460076772,NA,67890,NA
4,"Bondell",0.666666666666667,0,0.033490422713,1,0,0.0712448973115365,0.2,0.2,0,0,NA,67890,NA
5,"glmmTMB",1,1,0.00169164860475507,NA,NA,0.0318842176936892,0.001,NA,NA,NA,FALSE,67890,""
5,"Lin",1,0.2,0.000487173936829923,1,0.5,0.0316581942658042,1,0.1,0.00922422317541699,-0.003430713996872,NA,67890,NA
5,"Bondell",1,0.2,0.000454488390111111,1,0.5,0.0289106328293694,0.4,0.4,0.00242367175797838,0,NA,67890,NA
6,"glmmTMB",1,1,0.036439264805408,NA,NA,0.0828390277643803,6.11816872991646,NA,NA,NA,FALSE,67890,""
6,"Lin",0.666666666666667,0,0.0283844731097312,1,0,0.0655588555945072,5,2.5,0,0,NA,67890,NA
6,"Bondell",0.666666666666667,0.4,0.0295172018124444,1,0,0.0680478663733017,0.4,0.4,0,0,NA,67890,NA
7,"glmmTMB",0.666666666666667,0.6,0.0287880743774139,NA,NA,0.0900750521274038,20.6184125759897,NA,NA,NA,TRUE,67890,"x1"
7,"Lin",0.666666666666667,0,0.0293838783267799,1,0,0.0968777739350092,2.5,0.1,-0.0149384020725223,0,NA,67890,NA
7,"Bondell",0.666666666666667,0.6,0.0297448398315556,1,0,0.0910232218324446,0.4,0.4,0,0,NA,67890,NA
8,"glmmTMB",1,1,0.0172966179385261,NA,NA,0.0570132317843725,0.001,NA,NA,NA,FALSE,67890,""
8,"Lin",1,0,0.000302032769124996,1,1,0.0345948315340264,2.5,0.5,0.0215475311173306,0.00120458948983571,NA,67890,NA
8,"Bondell",1,0.4,0.00156590323311111,1,0,0.0282967476448236,0.4,0.4,0,0,NA,67890,NA
9,"glmmTMB",1,0.6,0.0294194632124034,NA,NA,0.0700780489877462,20.6184125759897,NA,NA,NA,FALSE,67890,""
9,"Lin",0.666666666666667,0,0.0290793158535786,1,1,0.0746878778707711,5,0.1,0.0179796117094436,0.00906785477527296,NA,67890,NA
9,"Bondell",1,0.2,0.00593026122255555,1,0.5,0.028672509936488,0.4,0.4,0.00720704259090643,0,NA,67890,NA
10,"glmmTMB",0.666666666666667,0.4,0.0320832050922788,NA,NA,0.063645538662394,20.6184125759897,NA,NA,NA,TRUE,67890,"x1"
10,"Lin",0.666666666666667,0,0.0284687890874938,1,0.5,0.0595783147354975,2.5,2.5,0,0.00369952454496846,NA,67890,NA
10,"Bondell",1,0,0.0192256683848889,1,0.5,0.0459029325326563,0.4,0.4,0,0.0137871213970232,NA,67890,NA
11,"glmmTMB",1,0.8,0.00458688670760473,NA,NA,0.0230010048435684,1.22508372483069,NA,NA,NA,FALSE,67890,""
11,"Lin",1,0,0.00417637754175397,1,0,0.0229486337913514,1,2.5,0,0,NA,67890,NA
11,"Bondell",1,0.4,0.00465607411,1,0,0.0235189640712876,0.4,0.4,0,0,NA,67890,NA
12,"glmmTMB",1,1,0.0023209389328058,NA,NA,0.0209247836111632,1.22508372483069,NA,NA,NA,FALSE,67890,""
12,"Lin",1,0,0.00416718659056252,1,0,0.0285506767052048,2.5,0.1,-0.00490386747237205,-0.000279068264342648,NA,67890,NA
12,"Bondell",1,0.2,0.00160551028077778,1,0.5,0.019708441756242,0.4,0.4,0.0027972187326186,0,NA,67890,NA
13,"glmmTMB",1,1,0.00340588677912428,NA,NA,0.0214922015368773,0.001,NA,NA,NA,FALSE,67890,""
13,"Lin",0.666666666666667,0,0.0288840490005851,1,0,0.0690319809191606,10,1,0,0,NA,67890,NA
13,"Bondell",1,0.2,0.000855145090777778,1,0,0.0202739050755643,0.4,0.4,0,0,NA,67890,NA
14,"glmmTMB",1,1,0.0347361032880879,NA,NA,0.0949706007799309,6.11816872991646,NA,NA,NA,FALSE,67890,""
14,"Lin",0.666666666666667,0,0.0284509132396142,1,0.5,0.0862267733735111,2.5,0.5,0.00911295252998241,-0.000432321922251003,NA,67890,NA
14,"Bondell",0.666666666666667,0.2,0.0304064158167778,1,0.5,0.0846278051827592,0.4,0.4,0.00249532923598063,0,NA,67890,NA
15,"glmmTMB",1,1,0.00895174345642788,NA,NA,0.0598391198932022,1.22508372483069,NA,NA,NA,FALSE,67890,""
15,"Lin",1,0,0.00247116002613592,1,1,0.036564562758368,2.5,0.1,0.00698423832012745,0.0012452385903543,NA,67890,NA
15,"Bondell",1,0.2,0.000633154287888889,1,0.5,0.0322891762501325,0.4,0.4,0,0.00266262051528776,NA,67890,NA
16,"glmmTMB",1,1,0.0483111131125628,NA,NA,0.105009662615822,6.11816872991646,NA,NA,NA,FALSE,67890,""
16,"Lin",0.666666666666667,0,0.0284991500452279,1,0.5,0.0702100233430145,5,2.5,0,0.000266081482650731,NA,67890,NA
16,"Bondell",0.666666666666667,0.2,0.0385416672994445,1,1,0.0911386215078081,0.4,0.4,0.00220042795772984,0.00853757696136907,NA,67890,NA
17,"glmmTMB",1,1,0.00575072096222373,NA,NA,0.0258298148665567,1.22508372483069,NA,NA,NA,FALSE,67890,""
17,"Lin",1,0.4,0.000654596975588981,1,0,0.0179108748701442,2.5,2.5,0,0,NA,67890,NA
17,"Bondell",1,0.4,0.000551477692333333,1,0,0.0175557599966152,0.4,0.4,0,0,NA,67890,NA
18,"glmmTMB",0.666666666666667,0.8,0.046880383870146,NA,NA,0.137102641816498,20.6184125759897,NA,NA,NA,TRUE,67890,"x1"
18,"Lin",0.666666666666667,0,0.0284409979322828,1,0.5,0.104966346448401,10,0.1,0.0205469827238959,-0.00242819426526822,NA,67890,NA
18,"Bondell",0.666666666666667,0.2,0.0392256447071111,1,0.5,0.127701079634448,0.4,0.4,0.0108603246781552,0,NA,67890,NA
19,"glmmTMB",1,1,0.00303348621735217,NA,NA,0.0261215133299855,0.001,NA,NA,NA,FALSE,67890,""
19,"Lin",1,0.2,0.00342377848297046,1,0.5,0.032281477563401,1,2.5,0.000735848667157442,0,NA,67890,NA
19,"Bondell",1,0.2,0.006246639218,1,0.5,0.0406166114026797,0.4,0.4,0.0129518395940856,0,NA,67890,NA
20,"glmmTMB",1,1,0.00664710923954887,NA,NA,0.0298866269531439,0.112775423252096,NA,NA,NA,FALSE,67890,""
20,"Lin",0.666666666666667,0,0.0284233880063785,1,0,0.0797103618363979,5,0.5,-0.000256414938774232,-8.90823324959747e-05,NA,67890,NA
20,"Bondell",1,0.2,0.0105281632291111,1,0,0.0352315225762813,0.4,0.4,0,0,NA,67890,NA
21,"glmmTMB",1,1,0.0100274254654574,NA,NA,0.0396972484571269,1.22508372483069,NA,NA,NA,FALSE,67890,""
21,"Lin",1,0,0.00380770089437519,1,0,0.0339557012137403,2.5,1,0,-0.000439526202788471,NA,67890,NA
21,"Bondell",1,0.4,0.00715493937311111,1,0,0.0362052340024547,0.4,0.4,0,0,NA,67890,NA
22,"glmmTMB",1,1,0.00132346159072555,NA,NA,0.0248552710899574,0.001,NA,NA,NA,FALSE,67890,""
22,"Lin",1,0,0.00971293781534902,1,0.5,0.0500582494019453,5,2.5,0.0167148577998083,0,NA,67890,NA
22,"Bondell",1,0.2,0.00249486665266667,1,0.5,0.033567656183846,0.4,0.4,0.0136373505160882,0,NA,67890,NA
23,"glmmTMB",0.666666666666667,0.6,0.0325805260435585,NA,NA,0.0869385046627565,20.6184125759897,NA,NA,NA,TRUE,67890,"x1"
23,"Lin",0.666666666666667,0,0.0279340772608247,1,0,0.0834192029848765,5,1,0,0,NA,67890,NA
23,"Bondell",1,0.4,0.0114821617073333,1,0,0.0468676256692794,0.4,0.4,0,0,NA,67890,NA
24,"glmmTMB",0.666666666666667,0.6,0.0322106592618797,NA,NA,0.103722102581839,15.8158385678152,NA,NA,NA,TRUE,67890,"x1"
24,"Lin",0.666666666666667,0,0.0284939723863986,1,1,0.0981909978178953,2.5,0.1,0.0272022577165712,0.00422460986665598,NA,67890,NA
24,"Bondell",0.666666666666667,0,0.0356544594435556,1,0,0.0949700754341055,0.2,0.2,0,0,NA,67890,NA
25,"glmmTMB",1,1,0.00153419297915766,NA,NA,0.0262076074285866,0.112775423252096,NA,NA,NA,FALSE,67890,""
25,"Lin",1,0,0.00122731071987963,1,0,0.0285880756540082,2.5,0.5,-0.000952623421711366,-0.000101228354318879,NA,67890,NA
25,"Bondell",1,0.2,0.000555811020555555,1,0,0.0243358107817103,0.4,0.4,0,0,NA,67890,NA
26,"glmmTMB",1,0.6,0.0284779888758042,NA,NA,0.0801588947638756,20.6184125759897,NA,NA,NA,FALSE,67890,""
26,"Lin",0.666666666666667,0,0.0278292154113093,1,0,0.0821115759587804,2.5,1,0,-0.000486427676338689,NA,67890,NA
26,"Bondell",1,0.4,0.007569964579,1,0,0.0373379202821937,0.4,0.4,0,0,NA,67890,NA
27,"glmmTMB",1,1,0.00434638880080922,NA,NA,0.0363271287291424,0.001,NA,NA,NA,FALSE,67890,""
27,"Lin",0.666666666666667,0,0.0278291244021696,1,0,0.092997324711692,5,2.5,0,0,NA,67890,NA
27,"Bondell",1,0.2,0.00456212567766667,1,0.5,0.0426175554334718,0.4,0.4,7.70829368818903e-05,0,NA,67890,NA
28,"glmmTMB",1,1,0.0166769731971476,NA,NA,0.0573759080110682,0.001,NA,NA,NA,FALSE,67890,""
28,"Lin",0.666666666666667,0,0.0281763625714393,1,0,0.0815781374371357,10,0.1,-0.000504439741097442,-0.0158866943790271,NA,67890,NA
28,"Bondell",1,0.2,0.00118066329355556,1,0,0.0252986622348474,0.4,0.4,0,0,NA,67890,NA
29,"glmmTMB",1,1,0.013862881462383,NA,NA,0.0414363710937818,0.001,NA,NA,NA,FALSE,67890,""
29,"Lin",0.666666666666667,0,0.0285900460597985,1,0,0.083911825269593,5,0.5,0,-0.00296616467771945,NA,67890,NA
29,"Bondell",1,0.4,0.0280167627372222,1,0,0.0752491838334378,0.4,0.4,0,0,NA,67890,NA
30,"glmmTMB",0.666666666666667,0.8,0.0379707518672477,NA,NA,0.094410866651623,20.6184125759897,NA,NA,NA,TRUE,67890,"x1"
30,"Lin",0.666666666666667,0,0.0287706527346765,1,0,0.0758271438481836,5,5,0,0,NA,67890,NA
30,"Bondell",0.666666666666667,0.2,0.0306997371984444,1,0,0.0809924541280644,0.4,0.4,0,0,NA,67890,NA
31,"glmmTMB",1,1,0.0190297101698199,NA,NA,0.0557442766254637,0.001,NA,NA,NA,FALSE,67890,""
31,"Lin",1,0.2,0.00209783486367145,1,1,0.029311802172614,2.5,1,0.0260157621562161,0.00673249323633021,NA,67890,NA
31,"Bondell",1,0.4,0.00536735940022222,1,0,0.0285461815294125,0.4,0.4,0,0,NA,67890,NA
32,"glmmTMB",1,1,0.00575144228049116,NA,NA,0.0194914809308382,0.001,NA,NA,NA,FALSE,67890,""
32,"Lin",1,0,0.000511421990031924,1,0.5,0.0113312398241416,2.5,2.5,0.00422918256706856,0,NA,67890,NA
32,"Bondell",1,0.2,0.00080709999088889,1,0.5,0.0130016029878454,0.4,0.4,0.00221846137025052,0,NA,67890,NA
33,"glmmTMB",1,1,0.012065944637847,NA,NA,0.0411307117721748,0.001,NA,NA,NA,FALSE,67890,""
33,"Lin",0.666666666666667,0,0.027959949363842,1,1,0.0899169672308753,5,0.1,0.00222434567392661,0.022507786126893,NA,67890,NA
33,"Bondell",0.666666666666667,0,0.0353342329576667,1,0,0.0827824449463234,0.2,0.2,0,0,NA,67890,NA
34,"glmmTMB",1,1,0.0170446496825995,NA,NA,0.0525335162249868,0.001,NA,NA,NA,FALSE,67890,""
34,"Lin",0.666666666666667,0,0.0281549574717233,1,0,0.065854627718148,5,5,0,0,NA,67890,NA
34,"Bondell",1,0.2,0.0133423662181111,1,0.5,0.0423200533826414,0.4,0.4,0.0024060611792211,0,NA,67890,NA
35,"glmmTMB",0.666666666666667,1,0.0308436723785204,NA,NA,0.100607431010818,6.11816872991646,NA,NA,NA,TRUE,67890,"x1"
35,"Lin",0.666666666666667,0,0.0283323404567404,1,0,0.119677246730243,5,0.5,-0.00307082784306602,-0.000345268840135265,NA,67890,NA
35,"Bondell",0.666666666666667,0.6,0.0293679576748889,1,0,0.0971209947743701,0.4,0.4,0,0,NA,67890,NA
36,"glmmTMB",1,1,0.00303386500784764,NA,NA,0.0239533554242216,0.001,NA,NA,NA,FALSE,67890,""
36,"Lin",0.666666666666667,0,0.0284487036928394,1,0,0.079208049438262,5,2.5,0,0,NA,67890,NA
36,"Bondell",1,0.4,0.0128615623346667,1,0,0.0478275513690768,0.4,0.4,0,0,NA,67890,NA
37,"glmmTMB",1,0.8,0.0030524252263255,NA,NA,0.0219035550025049,1.22508372483069,NA,NA,NA,FALSE,67890,""
37,"Lin",0.666666666666667,0,0.0284285877422402,1,0,0.0633447374372494,10,2.5,0,0,NA,67890,NA
37,"Bondell",1,0.4,0.005002850789,1,0,0.0272306158754356,0.4,0.4,0,0,NA,67890,NA
38,"glmmTMB",1,0.8,0.00324356830507247,NA,NA,0.0259723061323799,0.001,NA,NA,NA,FALSE,67890,""
38,"Lin",1,0,0.0012235765472086,1,0,0.0233324117688448,2.5,2.5,0,0,NA,67890,NA
38,"Bondell",1,0.2,0.000721863341333334,1,0,0.0215857929816557,0.4,0.4,0,0,NA,67890,NA
39,"glmmTMB",1,0.8,0.0307543784953915,NA,NA,0.0794940652853974,20.6184125759897,NA,NA,NA,FALSE,67890,""
39,"Lin",0.666666666666667,0,0.0277861624435962,1,0,0.0731680629387769,5,2.5,0,0,NA,67890,NA
39,"Bondell",1,0.4,0.010361856957,1,0,0.0386901873554763,0.4,0.4,0,0,NA,67890,NA
40,"glmmTMB",1,1,0.017164304374382,NA,NA,0.04112459388058,1.22508372483069,NA,NA,NA,FALSE,67890,""
40,"Lin",1,0.2,0.00193615138694659,1,0.5,0.0218952234258716,2.5,0.5,-0.000353717708148824,0.0055893099403949,NA,67890,NA
40,"Bondell",1,0.2,0.00220635867,1,1,0.0204570783936444,0.4,0.4,0.00776962963004292,0.00531204507568699,NA,67890,NA
41,"glmmTMB",1,1,0.0249004073935282,NA,NA,0.0625518006642667,0.001,NA,NA,NA,FALSE,67890,""
41,"Lin",1,0,0.0042376482612072,1,0.5,0.0342763339090515,5,0.1,0.0115285746660205,-0.00376235079379237,NA,67890,NA
41,"Bondell",1,0.2,0.00404887813666667,1,0.5,0.022490371747458,0.4,0.4,0.00546951620250924,0,NA,67890,NA
42,"glmmTMB",1,1,0.0210396329125531,NA,NA,0.0551990654401065,0.112775423252096,NA,NA,NA,FALSE,67890,""
42,"Lin",1,0,0.00195329650799551,1,0,0.0365261926428504,2.5,0.5,3.69222294896624e-05,-0.000391531450937502,NA,67890,NA
42,"Bondell",1,0.4,0.00713550665611111,1,0,0.0315497958323085,0.4,0.4,0,0,NA,67890,NA
43,"glmmTMB",1,1,0.00448057090599746,NA,NA,0.0187805400360826,0.001,NA,NA,NA,FALSE,67890,""
43,"Lin",0.666666666666667,0,0.0280357909316882,1,1,0.0774372766362933,10,0.1,0.0147738408292828,0.00797054142343317,NA,67890,NA
43,"Bondell",1,0.2,0.00334658647055555,1,0.5,0.0226101172757119,0.4,0.4,0.00461751973078565,0,NA,67890,NA
44,"glmmTMB",0.666666666666667,0.8,0.0293977436140389,NA,NA,0.0813939363620364,20.6184125759897,NA,NA,NA,TRUE,67890,"x1"
44,"Lin",0.666666666666667,0,0.028950923078421,1,0.5,0.0808441859806533,10,2.5,0.000390783683364703,0,NA,67890,NA
44,"Bondell",1,0.4,0.0185429055071111,1,0,0.0572631783938609,0.4,0.4,0,0,NA,67890,NA
45,"glmmTMB",1,1,0.0053520201003263,NA,NA,0.0281091233141632,0.971000224804935,NA,NA,NA,FALSE,67890,""
45,"Lin",0.666666666666667,0,0.0279323382588336,1,1,0.0718700192556634,5,0.5,0.029604988875024,0.00908042695820861,NA,67890,NA
45,"Bondell",1,0.4,0.00693429842155556,1,0.5,0.0313591350463935,0.4,0.4,0.00577927078003405,0,NA,67890,NA
46,"glmmTMB",1,1,0.0515877531472858,NA,NA,0.108523976841901,15.8158385678152,NA,NA,NA,FALSE,67890,""
46,"Lin",0.666666666666667,0,0.0322572597246733,1,0.5,0.0758376686917183,5,0.1,0.00239102349766099,-0.00218874939625886,NA,67890,NA
46,"Bondell",1,0.4,0.0265207972768889,1,0,0.0623727488931616,0.4,0.4,0,0,NA,67890,NA
47,"glmmTMB",1,1,0.00365479919351817,NA,NA,0.041882838988386,1.22508372483069,NA,NA,NA,FALSE,67890,""
47,"Lin",0.666666666666667,0,0.0278284681076633,1,0,0.0780685575812079,10,2.5,0,0,NA,67890,NA
47,"Bondell",1,0.4,0.000382290056222222,1,0.5,0.0309840642753827,0.4,0.4,0.0022262067661404,0,NA,67890,NA
48,"glmmTMB",1,1,0.0140816238064817,NA,NA,0.0415545764228409,1.22508372483069,NA,NA,NA,FALSE,67890,""
48,"Lin",0.666666666666667,0,0.0285680072276254,1,0.5,0.108161696215708,10,0.5,0.0126779207555186,-0.000761225904942796,NA,67890,NA
48,"Bondell",1,0.2,0.00120173884922222,1,0.5,0.0261664217541207,0.4,0.4,0.00449459412931719,0,NA,67890,NA
49,"glmmTMB",0.666666666666667,0.8,0.0327784065344322,NA,NA,0.10285834667837,15.8158385678152,NA,NA,NA,TRUE,67890,"x1"
49,"Lin",0.666666666666667,0,0.0290561135811095,1,0,0.0967975625830323,2.5,2.5,0,0,NA,67890,NA
49,"Bondell",0.666666666666667,0.4,0.0288227982617778,1,0.5,0.0958128318488392,0.4,0.4,0.00544034357260354,0,NA,67890,NA
50,"glmmTMB",1,0.8,0.00163171971742983,NA,NA,0.0210907915445322,0.112775423252096,NA,NA,NA,FALSE,67890,""
50,"Lin",0.666666666666667,0,0.0283250198806747,1,0.5,0.0905679877689621,10,1,0.00118850692497806,0,NA,67890,NA
50,"Bondell",1,0.4,0.00241836487666667,1,0,0.0280311849981112,0.4,0.4,0,0,NA,67890,NA
1,"glmmTMB",0.666666666666667,0.8,0.0555993384521347,NA,NA,0.110030501470977,15.8158385678152,NA,NA,NA,TRUE,13579,"x1"
1,"Lin",0.666666666666667,0,0.0282017381368177,1,1,0.0744021095700904,10,1,0.00530299880180948,0.0496717920042512,NA,13579,NA
1,"Bondell",0.666666666666667,0,0.0359555566072222,1,0,0.0672221182497264,0.2,0.2,0,0,NA,13579,NA
2,"glmmTMB",1,1,0.0129012416031417,NA,NA,0.0551175140547612,0.112775423252096,NA,NA,NA,FALSE,13579,""
2,"Lin",1,0,0.00136200799870191,1,0.5,0.0295984336909378,2.5,0.1,0.00624749681985246,-0.0031811054793983,NA,13579,NA
2,"Bondell",1,0,0.00605859331411111,1,0.5,0.0373822816530511,0.4,0.4,0.00502722856362317,0,NA,13579,NA
3,"glmmTMB",1,1,0.00698425462754131,NA,NA,0.0228486005123489,1.22508372483069,NA,NA,NA,FALSE,13579,""
3,"Lin",1,0,0.000969682377914121,1,0,0.0169190968482457,2.5,2.5,0,0,NA,13579,NA
3,"Bondell",1,0,0.00365156673666667,1,0,0.0190959285095096,0.4,0.4,0,0,NA,13579,NA
4,"glmmTMB",0.666666666666667,0.8,0.0285703822501059,NA,NA,0.0825681435846316,20.6184125759897,NA,NA,NA,TRUE,13579,"x1"
4,"Lin",0.666666666666667,0,0.0279008865860592,1,0.5,0.090718758212608,2.5,0.5,-0.000259541881973942,0.00710356880335471,NA,13579,NA
4,"Bondell",1,0.4,0.0254973562282222,1,0.5,0.0772377884747796,0.4,0.4,0.00176719058750152,0,NA,13579,NA
5,"glmmTMB",1,1,0.0133603037467865,NA,NA,0.0522820804073182,1.22508372483069,NA,NA,NA,FALSE,13579,""
5,"Lin",0.666666666666667,0,0.0287530300451181,1,0,0.0885999959990533,5,2.5,0,0,NA,13579,NA
5,"Bondell",1,0.4,0.010540345683,1,0,0.0497084404757999,0.4,0.4,0,0,NA,13579,NA
6,"glmmTMB",1,1,0.00231742821055198,NA,NA,0.0313243419882644,1.22508372483069,NA,NA,NA,FALSE,13579,""
6,"Lin",0.666666666666667,0,0.0307865902736033,1,0.5,0.0849047837909138,10,0.5,0.0225377838752456,-0.00728949829622095,NA,13579,NA
6,"Bondell",1,0.2,0.00101575127511111,1,0.5,0.0314456405037025,0.4,0.4,0.00956278874202306,0,NA,13579,NA
7,"glmmTMB",0.666666666666667,0.6,0.0298764478627086,NA,NA,0.089587083987818,20.6184125759897,NA,NA,NA,TRUE,13579,"x1"
7,"Lin",0.666666666666667,0,0.0279798467932894,1,0.5,0.0979457086832702,2.5,0.1,-0.00219530126349956,0.0553004466613729,NA,13579,NA
7,"Bondell",0.666666666666667,0,0.0341530094912222,1,0,0.0744129517655478,0.2,0.2,0,0,NA,13579,NA
8,"glmmTMB",1,1,0.0335821036407426,NA,NA,0.088466274726537,0.0935955520254055,NA,NA,NA,FALSE,13579,""
8,"Lin",1,0,0.00695813251396999,1,0,0.024693007880851,5,1,0,0,NA,13579,NA
8,"Bondell",1,0,0.0111228926696667,1,0,0.0402678154536026,0.4,0.4,0,0,NA,13579,NA
9,"glmmTMB",1,1,0.00619006478290812,NA,NA,0.0208543630857257,0.001,NA,NA,NA,FALSE,13579,""
9,"Lin",1,0,0.00144842759144863,1,0,0.0175832710273904,5,2.5,0,0,NA,13579,NA
9,"Bondell",1,0.4,0.00301876701933333,1,0.5,0.0212179810637645,0.4,0.4,0.00169079667898069,0,NA,13579,NA
10,"glmmTMB",1,1,0.028242693065556,NA,NA,0.0635355876977354,0.001,NA,NA,NA,FALSE,13579,""
10,"Lin",1,0,0.00192731672701417,1,0.5,0.031463362124708,5,0.1,0.00932801865021571,-0.00417918724329373,NA,13579,NA
10,"Bondell",1,0.2,0.00597141938366667,1,0.5,0.0303281010776116,0.4,0.4,0.00546917375355925,0,NA,13579,NA
11,"glmmTMB",1,1,0.0131469542775341,NA,NA,0.0421928536441464,0.001,NA,NA,NA,FALSE,13579,""
11,"Lin",0.666666666666667,0,0.0284680565469788,1,1,0.08676751897393,5,0.5,0.0346446707629537,0.00212573150449333,NA,13579,NA
11,"Bondell",1,0.4,0.0245139851567778,1,0.5,0.0724184609544057,0.4,0.4,0.00637895180757233,0,NA,13579,NA
12,"glmmTMB",1,1,0.00643522259012584,NA,NA,0.025073278681284,1.22508372483069,NA,NA,NA,FALSE,13579,""
12,"Lin",1,0,0.00856822055269154,1,0,0.0294872113769971,2.5,2.5,0,0,NA,13579,NA
12,"Bondell",1,0.4,0.00516394592788889,1,0.5,0.0242240062355502,0.4,0.4,0.000262033933633802,0,NA,13579,NA
13,"glmmTMB",0.666666666666667,1,0.0285595575474334,NA,NA,0.0773116692858099,20.6184125759897,NA,NA,NA,TRUE,13579,"x1"
13,"Lin",0.666666666666667,0,0.0282635106264965,1,0,0.0768378276821154,2.5,2.5,0,0,NA,13579,NA
13,"Bondell",0.666666666666667,0.6,0.0284442746826667,1,0,0.0763751870978234,0.4,0.4,0,0,NA,13579,NA
14,"glmmTMB",1,1,0.0279442819752275,NA,NA,0.0739524709978404,0.001,NA,NA,NA,FALSE,13579,""
14,"Lin",1,0,0.00275748237798165,1,0,0.0197414259221453,5,2.5,0,0,NA,13579,NA
14,"Bondell",1,0.2,0.00640828137977778,1,0,0.0274913652803726,0.4,0.4,0,0,NA,13579,NA
15,"glmmTMB",1,1,0.0209109001309149,NA,NA,0.053026033585063,0.001,NA,NA,NA,FALSE,13579,""
15,"Lin",0.666666666666667,0,0.0280875865142738,1,0,0.0668707936502847,10,2.5,0,0,NA,13579,NA
15,"Bondell",1,0.2,0.00826620054233333,1,0.5,0.0309231196464124,0.4,0.4,0.0040400050278631,0,NA,13579,NA
16,"glmmTMB",1,1,0.00624187450788969,NA,NA,0.0290759648760824,0.112775423252096,NA,NA,NA,FALSE,13579,""
16,"Lin",1,0,0.0029997112037078,1,0,0.0253405079164829,5,5,0,0,NA,13579,NA
16,"Bondell",1,0.2,0.000349463134222223,1,0.5,0.0185957849045486,0.4,0.4,0.000879359634281333,0,NA,13579,NA
17,"glmmTMB",0.666666666666667,0.4,0.0317300688773088,NA,NA,0.0914506107308016,20.6184125759897,NA,NA,NA,TRUE,13579,"x1"
17,"Lin",0.666666666666667,0,0.0284650344902442,1,1,0.0911894465240422,1,0.1,0.00496770319534774,0.0112038031740781,NA,13579,NA
17,"Bondell",0.666666666666667,0,0.0304739275842222,1,0,0.0877627614028494,0.2,0.2,0,0,NA,13579,NA
18,"glmmTMB",1,1,0.00283442190903535,NA,NA,0.0338532212781917,0.001,NA,NA,NA,FALSE,13579,""
18,"Lin",1,0,0.00129700230006,1,0,0.0342536197657182,1,2.5,0,0,NA,13579,NA
18,"Bondell",1,0.4,0.00148900507322222,1,0,0.033683499166219,0.4,0.4,0,0,NA,13579,NA
19,"glmmTMB",1,1,0.00696359167939886,NA,NA,0.047506747313736,1.22508372483069,NA,NA,NA,FALSE,13579,""
19,"Lin",0.666666666666667,0,0.0280599733080875,1,0,0.0820557891001733,5,0.5,-0.000327994796240071,-0.000249225594143256,NA,13579,NA
19,"Bondell",1,0.6,0.00591907624055556,1,0,0.0417222890154382,0.4,0.4,0,0,NA,13579,NA
20,"glmmTMB",1,1,0.00152216514379156,NA,NA,0.0196210599436352,0.001,NA,NA,NA,FALSE,13579,""
20,"Lin",1,0,0.00699696465838209,1,0.5,0.0337761783313843,2.5,0.5,-0.000213751083867094,0.00851093063918865,NA,13579,NA
20,"Bondell",0.666666666666667,0,0.0330454592063333,1,0,0.0635880152554613,0.2,0.2,0,0,NA,13579,NA
21,"glmmTMB",1,1,0.0120490546521321,NA,NA,0.0449541524502169,1.22508372483069,NA,NA,NA,FALSE,13579,""
21,"Lin",0.666666666666667,0,0.0281464685827291,1,0,0.0853337905683402,10,2.5,0,0,NA,13579,NA
21,"Bondell",1,0,0.004762946135,1,0,0.0318319577095797,0.4,0.4,0,0,NA,13579,NA
22,"glmmTMB",1,1,0.0229289802363148,NA,NA,0.0611042366200853,0.001,NA,NA,NA,FALSE,13579,""
22,"Lin",0.666666666666667,0,0.0278995984478123,1,1,0.0830228392903595,10,1,0.0109622545768732,0.0114398921089373,NA,13579,NA
22,"Bondell",0.666666666666667,0.4,0.032015330133,1,0.5,0.0789320113065046,0.4,0.4,0.00273264023758856,0,NA,13579,NA
23,"glmmTMB",1,1,0.0122762564602816,NA,NA,0.0482568580729297,1.22508372483069,NA,NA,NA,FALSE,13579,""
23,"Lin",0.666666666666667,0,0.0290749747449352,1,1,0.0773405062499783,10,0.1,0.0167620730884455,0.0028828843606019,NA,13579,NA
23,"Bondell",1,0.4,0.00446575359133333,1,0.5,0.0311039792142945,0.4,0.4,0.00249999677334867,0,NA,13579,NA
24,"glmmTMB",1,1,0.00359188767599264,NA,NA,0.0277990066488761,1.22508372483069,NA,NA,NA,FALSE,13579,""
24,"Lin",1,0,0.000391735933847315,1,1,0.0329187454025532,2.5,0.1,0.00971852339287385,0.000324332093811223,NA,13579,NA
24,"Bondell",1,0.2,0.000949669104444445,1,0,0.0240902845278217,0.4,0.4,0,0,NA,13579,NA
25,"glmmTMB",1,1,0.00713121305554379,NA,NA,0.0324139092219062,0.971000224804935,NA,NA,NA,FALSE,13579,""
25,"Lin",1,0,0.00315132945300474,1,0,0.0369677263341474,2.5,0.5,-0.000731057778831569,-0.000245039429762359,NA,13579,NA
25,"Bondell",1,0.4,0.00511302238944444,1,0,0.0289116870300031,0.4,0.4,0,0,NA,13579,NA
26,"glmmTMB",1,1,0.0111761411306581,NA,NA,0.0600340591841631,1.22508372483069,NA,NA,NA,FALSE,13579,""
26,"Lin",1,0,0.00442638356488361,1,0,0.0460877711187427,2.5,2.5,0,0,NA,13579,NA
26,"Bondell",1,0.4,0.00548772567755556,1,0.5,0.0495081204586162,0.4,0.4,0.000643040986198079,0,NA,13579,NA
27,"glmmTMB",1,0.8,0.0503219923648211,NA,NA,0.131485946997106,15.8158385678152,NA,NA,NA,FALSE,13579,""
27,"Lin",0.666666666666667,0,0.0453357410141685,1,0.5,0.124978021559698,2.5,2.5,0,0.0149225963268605,NA,13579,NA
27,"Bondell",0.666666666666667,0,0.0453647954033333,1,1,0.125658728578253,0.4,0.4,0.000437987759368549,0.0183975337510285,NA,13579,NA
28,"glmmTMB",0.666666666666667,0.4,0.0409964842346388,NA,NA,0.109356825081176,20.6184125759897,NA,NA,NA,TRUE,13579,"x1"
28,"Lin",0.666666666666667,0,0.02924254723457,1,0,0.082221832527635,5,1,0,-0.000653030285738719,NA,13579,NA
28,"Bondell",0.666666666666667,0.2,0.0329689000704444,1,0,0.0899946931756129,0.4,0.4,0,0,NA,13579,NA
29,"glmmTMB",1,1,0.00769814731211447,NA,NA,0.0359469770003319,0.112775423252096,NA,NA,NA,FALSE,13579,""
29,"Lin",1,0,0.000255059781602518,1,0,0.0218674519029977,2.5,2.5,0,0,NA,13579,NA
29,"Bondell",1,0,0.00173652200566667,1,0.5,0.026002159377136,0.4,0.4,0.00362962863097151,0,NA,13579,NA
30,"glmmTMB",1,1,0.0108210986582136,NA,NA,0.0505806549579184,1.22508372483069,NA,NA,NA,FALSE,13579,""
30,"Lin",0.666666666666667,0,0.0283527978159135,1,0,0.0819494950315948,10,2.5,0,0,NA,13579,NA
30,"Bondell",1,0.2,0.000701764169444444,1,0,0.0276259115805615,0.4,0.4,0,0,NA,13579,NA
31,"glmmTMB",1,1,0.00270893073521142,NA,NA,0.0302478663075197,0.001,NA,NA,NA,FALSE,13579,""
31,"Lin",0.666666666666667,0,0.0279045434497201,1,0,0.112120665030887,5,1,0,-0.000142904345965084,NA,13579,NA
31,"Bondell",1,0.2,0.00370661014,1,0,0.0415744614746583,0.4,0.4,0,0,NA,13579,NA
32,"glmmTMB",1,1,0.0267021111882045,NA,NA,0.0687347851969276,0.001,NA,NA,NA,FALSE,13579,""
32,"Lin",0.666666666666667,0,0.0288338830923813,1,1,0.116326037973233,5,0.1,0.00657324381931654,0.0144996014636085,NA,13579,NA
32,"Bondell",1,0.2,0.0246422721308889,1,0.5,0.0906623531709887,0.4,0.4,0.00578825364622267,0,NA,13579,NA
33,"glmmTMB",1,1,0.00219142025860833,NA,NA,0.0292154370441129,1.22508372483069,NA,NA,NA,FALSE,13579,""
33,"Lin",1,0,0.000195601691828972,1,0.5,0.0224383614327551,2.5,2.5,0.00188604208547564,0,NA,13579,NA
33,"Bondell",1,0.4,0.00166777953933333,1,0.5,0.0288806061539508,0.4,0.4,0.00153613122400324,0,NA,13579,NA
34,"glmmTMB",1,1,0.00607422106521808,NA,NA,0.0257043786511067,1.22508372483069,NA,NA,NA,FALSE,13579,""
34,"Lin",0.666666666666667,0,0.0278633015966012,1,0.5,0.075807811380058,10,2.5,0.0004023792710966,0,NA,13579,NA
34,"Bondell",1,0.2,0.000390153034444444,1,0.5,0.0211161991933772,0.4,0.4,0.0112113048539247,0,NA,13579,NA
35,"glmmTMB",1,0.8,0.0164202813880302,NA,NA,0.0385355121203959,1.22508372483069,NA,NA,NA,FALSE,13579,""
35,"Lin",0.666666666666667,0,0.0280165567032427,1,0.5,0.0543221256377668,10,0.1,-0.00355074442003506,0.00604294402391599,NA,13579,NA
35,"Bondell",1,0.2,0.0101977475767778,1,0.5,0.0242108493461313,0.4,0.4,0,0.00202347576999391,NA,13579,NA
36,"glmmTMB",1,1,0.0312449948405361,NA,NA,0.0674903051510654,15.8158385678152,NA,NA,NA,FALSE,13579,""
36,"Lin",0.666666666666667,0,0.0295718715008889,1,0.5,0.0799286101022133,5,0.1,0.0502988136625996,-0.0038097646640306,NA,13579,NA
36,"Bondell",1,0.4,0.0230056718535556,1,0.5,0.0613261987514229,0.4,0.4,0.0334307580917093,0,NA,13579,NA
37,"glmmTMB",0.666666666666667,0.4,0.0397686021704183,NA,NA,0.103240184522595,54.7540494343068,NA,NA,NA,TRUE,13579,"x1"
37,"Lin",0.666666666666667,0,0.0281738288637357,1,1,0.0890207628778903,5,0.1,0.00432648966659813,0.0333270263813334,NA,13579,NA
37,"Bondell",1,0.2,0.0104590371878889,1,0.5,0.0475895732622086,0.4,0.4,0,0.0094935358526545,NA,13579,NA
38,"glmmTMB",1,1,0.00507814591531777,NA,NA,0.0253763980232292,0.001,NA,NA,NA,FALSE,13579,""
38,"Lin",0.666666666666667,0,0.0283225878889608,1,0.5,0.0734000853794625,5,0.1,0.00738958664419771,-0.00229416028676523,NA,13579,NA
38,"Bondell",1,0.4,0.0107084334006667,1,0.5,0.0366811745017984,0.4,0.4,0.0059226425098758,0,NA,13579,NA
39,"glmmTMB",1,1,0.00797826857810294,NA,NA,0.0164068079682799,0.001,NA,NA,NA,FALSE,13579,""
39,"Lin",1,0.6,0.00631536603427124,1,0,0.0297903811537911,0.5,0.5,-0.00271857211366129,0,NA,13579,NA
39,"Bondell",1,0.6,0.000361200559333333,1,0,0.0113259640125446,0.4,0.4,0,0,NA,13579,NA
40,"glmmTMB",1,1,0.00794486222458008,NA,NA,0.0337290813199592,0.001,NA,NA,NA,FALSE,13579,""
40,"Lin",1,0,0.00378489409360018,1,0,0.0270837209975793,2.5,2.5,0,0,NA,13579,NA
40,"Bondell",1,0.2,0.00507997104566667,1,0,0.0295856717868797,0.4,0.4,0,0,NA,13579,NA
41,"glmmTMB",1,1,0.00898974057558312,NA,NA,0.0284082182771332,1.22508372483069,NA,NA,NA,FALSE,13579,""
41,"Lin",0.666666666666667,0,0.028277126760252,1,0.5,0.076075036783321,5,0.1,-0.00422213493541349,0.00113319362797272,NA,13579,NA
41,"Bondell",1,0.6,0.0141364985914444,1,0.5,0.0396940178204241,0.4,0.4,0.00214968640550165,0,NA,13579,NA
42,"glmmTMB",0.666666666666667,0.6,0.0295578010515665,NA,NA,0.0922388532237236,20.6184125759897,NA,NA,NA,TRUE,13579,"x1"
42,"Lin",0.666666666666667,0,0.0278612580789931,1,0.5,0.0931936382695776,1,0.1,-0.00455761639118349,0.00705427643542315,NA,13579,NA
42,"Bondell",0.666666666666667,0,0.0334539677258889,1,0,0.0889895035640956,0.2,0.2,0,0,NA,13579,NA
43,"glmmTMB",1,1,0.0189343147392183,NA,NA,0.070236520910494,0.112775423252096,NA,NA,NA,FALSE,13579,""
43,"Lin",0.666666666666667,0,0.0291513648149672,1,0.5,0.0871778168045653,10,2.5,0,0.000447171684718483,NA,13579,NA
43,"Bondell",1,0.4,0.00735409526066667,1,0.5,0.0376847345249582,0.4,0.4,0,0.0014280707431459,NA,13579,NA
44,"glmmTMB",1,1,0.00325169810130933,NA,NA,0.0280706299257424,0.001,NA,NA,NA,FALSE,13579,""
44,"Lin",0.666666666666667,0,0.028631026746791,1,1,0.080240116740669,5,1,0.0025249368788421,0.00851184114415358,NA,13579,NA
44,"Bondell",1,0,0.000510004550888889,1,1,0.0239002437660404,0.4,0.4,0.00293682702634297,0.00471294835450072,NA,13579,NA
45,"glmmTMB",1,1,0.00308801837043308,NA,NA,0.0267052944087151,0.001,NA,NA,NA,FALSE,13579,""
45,"Lin",1,0,0.000123877102369836,1,0.5,0.0235390758399049,2.5,0.1,-0.00217912434925798,0.0197217933447603,NA,13579,NA
45,"Bondell",1,0.2,0.000425005922,1,1,0.0232185764214788,0.4,0.4,0.00288810426113961,0.0132132243735523,NA,13579,NA
46,"glmmTMB",0.666666666666667,1,0.0367582943490461,NA,NA,0.0771549406580358,41.6788149189533,NA,NA,NA,TRUE,13579,"x1"
46,"Lin",0.666666666666667,0,0.0279473600731206,1,0.5,0.0718964947619487,5,0.1,-0.00261466081572339,0.0513876124790729,NA,13579,NA
46,"Bondell",1,0.2,0.0282817114214444,1,1,0.0682267216264253,0.4,0.4,0.00271204539281862,0.0288831736572798,NA,13579,NA
47,"glmmTMB",1,1,0.00385114226501825,NA,NA,0.0221454038145081,0.001,NA,NA,NA,FALSE,13579,""
47,"Lin",0.666666666666667,0,0.0287301477367668,1,0,0.0768498554577968,5,1,-2.16261667990602e-05,0,NA,13579,NA
47,"Bondell",1,0.2,0.00330955384344444,1,0,0.0257469025336973,0.4,0.4,0,0,NA,13579,NA
48,"glmmTMB",0.666666666666667,1,0.0395029542773801,NA,NA,0.0884482935894002,6.11816872991646,NA,NA,NA,TRUE,13579,"x1"
48,"Lin",0.666666666666667,0,0.0280468065524449,1,0,0.0714376668914542,5,0.1,-0.000877190929564341,-0.0124473984883163,NA,13579,NA
48,"Bondell",0.666666666666667,0.4,0.029461771942,1,0,0.0646505162625308,0.4,0.4,0,0,NA,13579,NA
49,"glmmTMB",1,1,0.0031303579178419,NA,NA,0.0444235517493635,0.001,NA,NA,NA,FALSE,13579,""
49,"Lin",1,0,0.000107495803406344,1,0,0.0490505599592475,1,0.1,-8.26369920512238e-05,-0.00557722514182763,NA,13579,NA
49,"Bondell",1,0.4,4.62605044444446e-05,1,0,0.0421095096858596,0.4,0.4,0,0,NA,13579,NA
50,"glmmTMB",1,0.8,0.012542689812708,NA,NA,0.0495224428927458,0.001,NA,NA,NA,FALSE,13579,""
50,"Lin",1,0,0.00116317287142017,1,0.5,0.0437913651903941,5,0.1,-0.00415900015366452,0.011182904259051,NA,13579,NA
50,"Bondell",1,0,0.00120255711544444,1,1,0.0367690155179903,0.4,0.4,0.00926253575381496,0.0039055730902935,NA,13579,NA
